{
  "meta": {
    "system_info": {
      "platform": "Linux-6.17.0-14-generic-x86_64-with-glibc2.39",
      "python": "3.12.0",
      "cpu_model": "AMD Ryzen 9 9950X3D 16-Core Processor",
      "cpu_count": 32,
      "gpu": {
        "available": true,
        "torch_version": "2.10.0+cu128",
        "cuda_runtime": "12.8",
        "device_name": "NVIDIA GeForce RTX 5090",
        "driver_version": "580.126.09",
        "memory_total": "32607 MiB"
      }
    },
    "iterations": 300,
    "warmup": 30,
    "include_gpu": true,
    "system_sizes": [
      10,
      20,
      60
    ],
    "timestamp_unix": 1772940229.7332263,
    "benchmark_type": "synthetic_closed_loop"
  },
  "results": {
    "pywfs": {
      "10x10": {
        "cpu": {
          "iterations": 300.0,
          "warmup": 30.0,
          "mean_s": 1.1291193271366258e-05,
          "median_s": 1.1080001058871858e-05,
          "p95_s": 1.1606998668867172e-05,
          "p99_s": 1.7201499995280754e-05,
          "p99_hz": 58134.465033534914,
          "min_s": 1.092000093194656e-05,
          "max_s": 1.8819999240804464e-05
        },
        "gpu": {
          "iterations": 300.0,
          "warmup": 30.0,
          "mean_s": 0.00019926233665804223,
          "median_s": 0.00019872099983331282,
          "p95_s": 0.00020931549997840193,
          "p99_s": 0.00021992329939166667,
          "p99_hz": 4547.039821456462,
          "min_s": 0.00018895100038207602,
          "max_s": 0.00022926100064069033
        }
      },
      "20x20": {
        "cpu": {
          "iterations": 300.0,
          "warmup": 30.0,
          "mean_s": 3.4314876629650825e-05,
          "median_s": 3.4154999411839526e-05,
          "p95_s": 3.612649998103734e-05,
          "p99_s": 3.764130029594525e-05,
          "p99_hz": 26566.56364519163,
          "min_s": 3.343099888297729e-05,
          "max_s": 3.819000085059088e-05
        },
        "gpu": {
          "iterations": 300.0,
          "warmup": 30.0,
          "mean_s": 0.00020447608333900764,
          "median_s": 0.00020475600013014628,
          "p95_s": 0.00021577550151050673,
          "p99_s": 0.00021846090046892639,
          "p99_hz": 4577.478156747957,
          "min_s": 0.00019234100000176113,
          "max_s": 0.00022429099954024423
        }
      },
      "60x60": {
        "cpu": {
          "iterations": 300.0,
          "warmup": 30.0,
          "mean_s": 0.003678238306668694,
          "median_s": 0.0036810639994655503,
          "p95_s": 0.0036996934994022014,
          "p99_s": 0.0037033790104942454,
          "p99_hz": 270.02367221024514,
          "min_s": 0.0036334689993964275,
          "max_s": 0.003770990000703023
        },
        "gpu": {
          "iterations": 300.0,
          "warmup": 30.0,
          "mean_s": 0.0003219615667088268,
          "median_s": 0.00032192199978453573,
          "p95_s": 0.0003322350007692876,
          "p99_s": 0.00033517230063807797,
          "p99_hz": 2983.540101900631,
          "min_s": 0.0003106519998254953,
          "max_s": 0.0003413819995330414
        }
      }
    },
    "shwfs": {
      "10x10": {
        "cpu": {
          "iterations": 300.0,
          "warmup": 30.0,
          "mean_s": 1.2132863303122576e-05,
          "median_s": 1.227550001203781e-05,
          "p95_s": 1.2430500373739052e-05,
          "p99_s": 1.2791199442290226e-05,
          "p99_hz": 78178.7512978496,
          "min_s": 1.1610000001383014e-05,
          "max_s": 1.478000012866687e-05
        },
        "gpu": {
          "iterations": 300.0,
          "warmup": 30.0,
          "mean_s": 0.00018658517339645186,
          "median_s": 0.00018550100048742024,
          "p95_s": 0.00019215099955545157,
          "p99_s": 0.00019501649996527703,
          "p99_hz": 5127.771240782454,
          "min_s": 0.00018276999981026165,
          "max_s": 0.000204242000108934
        }
      },
      "20x20": {
        "cpu": {
          "iterations": 300.0,
          "warmup": 30.0,
          "mean_s": 3.457521332165925e-05,
          "median_s": 3.432500034250552e-05,
          "p95_s": 3.6131949400441954e-05,
          "p99_s": 3.7621998708345926e-05,
          "p99_hz": 26580.193353155468,
          "min_s": 3.342999843880534e-05,
          "max_s": 3.935099994123448e-05
        },
        "gpu": {
          "iterations": 300.0,
          "warmup": 30.0,
          "mean_s": 0.00018662170669510184,
          "median_s": 0.00018551100038166624,
          "p95_s": 0.0001917810004670173,
          "p99_s": 0.00019669939958475878,
          "p99_hz": 5083.899605748898,
          "min_s": 0.0001826209991122596,
          "max_s": 0.00020442099958017934
        }
      },
      "60x60": {
        "cpu": {
          "iterations": 300.0,
          "warmup": 30.0,
          "mean_s": 0.0037014377233147875,
          "median_s": 0.003704439500324952,
          "p95_s": 0.003719835500305635,
          "p99_s": 0.0037306695002189373,
          "p99_hz": 268.04840255651544,
          "min_s": 0.003652208999483264,
          "max_s": 0.0037345689997891895
        },
        "gpu": {
          "iterations": 300.0,
          "warmup": 30.0,
          "mean_s": 0.00027844014335035657,
          "median_s": 0.0002771615008896333,
          "p95_s": 0.000287487500190764,
          "p99_s": 0.0002897152999321406,
          "p99_hz": 3451.664445178518,
          "min_s": 0.00027265100106887985,
          "max_s": 0.0003046809997613309
        }
      }
    }
  }
}