{
  "meta": {
    "system_info": {
      "platform": "Linux-6.17.0-14-generic-x86_64-with-glibc2.39",
      "python": "3.12.0",
      "cpu_model": "AMD Ryzen 9 9950X3D 16-Core Processor",
      "cpu_count": 32,
      "gpu": {
        "available": true,
        "torch_version": "2.10.0+cu128",
        "cuda_runtime": "12.8",
        "device_name": "NVIDIA GeForce RTX 5090",
        "driver_version": "580.126.09",
        "memory_total": "32607 MiB"
      }
    },
    "iterations": 20,
    "warmup": 5,
    "include_gpu": true,
    "system_sizes": [
      10,
      20,
      60
    ],
    "timestamp_unix": 1772940212.1729295,
    "benchmark_type": "synthetic_closed_loop"
  },
  "results": {
    "pywfs": {
      "10x10": {
        "cpu": {
          "iterations": 20.0,
          "warmup": 5.0,
          "mean_s": 1.1219549924135208e-05,
          "median_s": 1.113500002247747e-05,
          "p95_s": 1.1639000058494276e-05,
          "p99_s": 1.2079800926585447e-05,
          "p99_hz": 82782.82118037075,
          "min_s": 1.1009999070665799e-05,
          "max_s": 1.2190001143608242e-05
        },
        "gpu": {
          "iterations": 20.0,
          "warmup": 5.0,
          "mean_s": 0.0002142360998732329,
          "median_s": 0.00021269599983497756,
          "p95_s": 0.00022544349903910187,
          "p99_s": 0.00023034550042211774,
          "p99_hz": 4341.304684343555,
          "min_s": 0.00020167100046819542,
          "max_s": 0.00023157100076787174
        }
      },
      "20x20": {
        "cpu": {
          "iterations": 20.0,
          "warmup": 5.0,
          "mean_s": 3.6187699788570174e-05,
          "median_s": 3.6055499549547676e-05,
          "p95_s": 3.84040502467542e-05,
          "p99_s": 4.074561071320204e-05,
          "p99_hz": 24542.520838348577,
          "min_s": 3.434000063862186e-05,
          "max_s": 4.1331000829814e-05
        },
        "gpu": {
          "iterations": 20.0,
          "warmup": 5.0,
          "mean_s": 0.00021617814973069472,
          "median_s": 0.00021475099947565468,
          "p95_s": 0.00022966544902374152,
          "p99_s": 0.0002327578898439242,
          "p99_hz": 4296.309786407455,
          "min_s": 0.00020787100038432982,
          "max_s": 0.00023353100004896987
        }
      },
      "60x60": {
        "cpu": {
          "iterations": 20.0,
          "warmup": 5.0,
          "mean_s": 0.0037369994001892337,
          "median_s": 0.003747719501006941,
          "p95_s": 0.0038013025491636654,
          "p99_s": 0.00380682850982339,
          "p99_hz": 262.6858544900393,
          "min_s": 0.003633799000454019,
          "max_s": 0.003808209999988321
        },
        "gpu": {
          "iterations": 20.0,
          "warmup": 5.0,
          "mean_s": 0.00033008725022227737,
          "median_s": 0.00033127700044133235,
          "p95_s": 0.00033892050068971006,
          "p99_s": 0.00033980970027187136,
          "p99_hz": 2942.823583905729,
          "min_s": 0.0003171320004184963,
          "max_s": 0.00034003200016741175
        }
      }
    },
    "shwfs": {
      "10x10": {
        "cpu": {
          "iterations": 20.0,
          "warmup": 5.0,
          "mean_s": 1.2751049780490575e-05,
          "median_s": 1.2389999938022811e-05,
          "p95_s": 1.4428498616325669e-05,
          "p99_s": 1.4557700706063769e-05,
          "p99_hz": 68692.16644792446,
          "min_s": 1.221999991685152e-05,
          "max_s": 1.4590001228498295e-05
        },
        "gpu": {
          "iterations": 20.0,
          "warmup": 5.0,
          "mean_s": 0.00020665010015363805,
          "median_s": 0.00020679599947470706,
          "p95_s": 0.00021289600008458367,
          "p99_s": 0.00022224399937840643,
          "p99_hz": 4499.559055798568,
          "min_s": 0.00020027100072184112,
          "max_s": 0.00022458099920186214
        }
      },
      "20x20": {
        "cpu": {
          "iterations": 20.0,
          "warmup": 5.0,
          "mean_s": 3.721469975062064e-05,
          "median_s": 3.7599999814119656e-05,
          "p95_s": 3.8364949796232394e-05,
          "p99_s": 4.0248988880193787e-05,
          "p99_hz": 24845.344636523085,
          "min_s": 3.5659999412018806e-05,
          "max_s": 4.071999865118414e-05
        },
        "gpu": {
          "iterations": 20.0,
          "warmup": 5.0,
          "mean_s": 0.00020551555016936617,
          "median_s": 0.00020369600042613456,
          "p95_s": 0.00021155349913897225,
          "p99_s": 0.00021341549949283943,
          "p99_hz": 4685.695286314255,
          "min_s": 0.00020054100059496704,
          "max_s": 0.00021388099958130624
        }
      },
      "60x60": {
        "cpu": {
          "iterations": 20.0,
          "warmup": 5.0,
          "mean_s": 0.0037157978499635647,
          "median_s": 0.003711899000336416,
          "p95_s": 0.0037513545004912883,
          "p99_s": 0.0038199748998886205,
          "p99_hz": 261.78182480443974,
          "min_s": 0.003685428999233409,
          "max_s": 0.0038371299997379538
        },
        "gpu": {
          "iterations": 20.0,
          "warmup": 5.0,
          "mean_s": 0.0002895734997764521,
          "median_s": 0.0002870819998861407,
          "p95_s": 0.00030125150069579835,
          "p99_s": 0.0003015630994741514,
          "p99_hz": 3316.055584200266,
          "min_s": 0.0002824319999490399,
          "max_s": 0.00030164099916873965
        }
      }
    }
  }
}