{
  "platform": "macOS-26.3-arm64-arm-64bit",
  "python": "3.12.7",
  "timestamp_unix": 1772609460.907134,
  "measure_execution_time": {
    "median": 0.0,
    "iqr": 0.0,
    "ci1": 0.0,
    "ci99": 0.0,
    "elapsed_wall_s": 7.929099956527352e-05
  },
  "latency_math": {
    "mean_latency_s": 0.0010000000000000002,
    "p99_latency_s": 0.0010000000000000009,
    "frame_shift": 0,
    "elapsed_wall_s": 1.6542006051167846e-05
  },
  "core_compute": {
    "meta": {
      "platform": "macOS-26.3-arm64-arm-64bit",
      "python": "3.12.7",
      "iterations": 2,
      "warmup": 1,
      "quick": true,
      "include_gpu": false,
      "system_sizes": [
        10,
        20,
        60
      ],
      "profile_sizes_used": [
        10,
        20,
        60
      ],
      "timestamp_unix": 1772609460.907321
    },
    "profiles": {
      "10x10": {
        "wavefront_sensor.downsample_int32_image_jit": {
          "iterations": 2.0,
          "warmup": 1.0,
          "mean_s": 3.082997864112258e-06,
          "median_s": 3.082997864112258e-06,
          "p95_s": 4.095505573786795e-06,
          "p99_s": 4.185506259091198e-06,
          "p99_hz": 238919.72394687822,
          "min_s": 1.9579892978072166e-06,
          "max_s": 4.208006430417299e-06
        },
        "wavefront_sensor.rotate_image_jit": {
          "iterations": 2.0,
          "warmup": 1.0,
          "mean_s": 4.624991561286151e-06,
          "median_s": 4.624991561286151e-06,
          "p95_s": 5.8246907428838314e-06,
          "p99_s": 5.931330670136958e-06,
          "p99_hz": 168596.23170813866,
          "min_s": 3.2919924706220627e-06,
          "max_s": 5.95799065195024e-06
        },
        "wavefront_corrector.ModaltoZonalWithFlat": {
          "iterations": 2.0,
          "warmup": 1.0,
          "mean_s": 3.020992153324187e-06,
          "median_s": 3.020992153324187e-06,
          "p95_s": 3.827396722044796e-06,
          "p99_s": 3.899077128153295e-06,
          "p99_hz": 256470.9461065794,
          "min_s": 2.1249870769679546e-06,
          "max_s": 3.916997229680419e-06
        },
        "loop.leakyIntegratorNumba": {
          "iterations": 2.0,
          "warmup": 1.0,
          "mean_s": 4.5000051613897085e-06,
          "median_s": 4.5000051613897085e-06,
          "p95_s": 5.512512871064246e-06,
          "p99_s": 5.60251355636865e-06,
          "p99_hz": 178491.3128613944,
          "min_s": 3.374996595084667e-06,
          "max_s": 5.62501372769475e-06
        },
        "slopes.computeSlopesPYWFSOptimNumba": {
          "iterations": 2.0,
          "warmup": 1.0,
          "mean_s": 4.541987436823547e-06,
          "median_s": 4.541987436823547e-06,
          "p95_s": 5.554482049774378e-06,
          "p99_s": 5.644481570925564e-06,
          "p99_hz": 177164.1890286167,
          "min_s": 3.416993422433734e-06,
          "max_s": 5.66698145121336e-06
        },
        "slopes.computeSlopesSHWFSOptimNumba": {
          "iterations": 2.0,
          "warmup": 1.0,
          "mean_s": 4.145491402596235e-06,
          "median_s": 4.145491402596235e-06,
          "p95_s": 5.176439299248159e-06,
          "p99_s": 5.268079112283886e-06,
          "p99_hz": 189822.51000525826,
          "min_s": 2.9999937396496534e-06,
          "max_s": 5.290989065542817e-06
        }
      },
      "20x20": {
        "wavefront_sensor.downsample_int32_image_jit": {
          "iterations": 2.0,
          "warmup": 1.0,
          "mean_s": 3.7494755815714598e-06,
          "median_s": 3.7494755815714598e-06,
          "p95_s": 3.937125438824296e-06,
          "p99_s": 3.953805426135659e-06,
          "p99_hz": 252920.89322093234,
          "min_s": 3.5409757401794195e-06,
          "max_s": 3.9579754229635e-06
        },
        "wavefront_sensor.rotate_image_jit": {
          "iterations": 2.0,
          "warmup": 1.0,
          "mean_s": 1.4271499821916223e-05,
          "median_s": 1.4271499821916223e-05,
          "p95_s": 1.4777740580029785e-05,
          "p99_s": 1.482273975852877e-05,
          "p99_hz": 67463.91128027569,
          "min_s": 1.370901009067893e-05,
          "max_s": 1.4833989553153515e-05
        },
        "wavefront_corrector.ModaltoZonalWithFlat": {
          "iterations": 2.0,
          "warmup": 1.0,
          "mean_s": 7.62449053581804e-06,
          "median_s": 7.62449053581804e-06,
          "p95_s": 7.99933186499402e-06,
          "p99_s": 8.032651094254107e-06,
          "p99_hz": 124491.90040325753,
          "min_s": 7.208000170066953e-06,
          "max_s": 8.040980901569128e-06
        },
        "loop.leakyIntegratorNumba": {
          "iterations": 2.0,
          "warmup": 1.0,
          "mean_s": 7.916503818705678e-06,
          "median_s": 7.916503818705678e-06,
          "p95_s": 8.178857387974859e-06,
          "p99_s": 8.20217770524323e-06,
          "p99_hz": 121918.84106104547,
          "min_s": 7.624999852851033e-06,
          "max_s": 8.208007784560323e-06
        },
        "slopes.computeSlopesPYWFSOptimNumba": {
          "iterations": 2.0,
          "warmup": 1.0,
          "mean_s": 8.47899354994297e-06,
          "median_s": 8.47899354994297e-06,
          "p95_s": 8.722880738787352e-06,
          "p99_s": 8.744559600017964e-06,
          "p99_hz": 114356.81677988057,
          "min_s": 8.208007784560323e-06,
          "max_s": 8.749979315325618e-06
        },
        "slopes.computeSlopesSHWFSOptimNumba": {
          "iterations": 2.0,
          "warmup": 1.0,
          "mean_s": 2.4795153876766562e-06,
          "median_s": 2.4795153876766562e-06,
          "p95_s": 2.6482666726224124e-06,
          "p99_s": 2.663266786839813e-06,
          "p99_hz": 375478.7184450954,
          "min_s": 2.2920139599591494e-06,
          "max_s": 2.667016815394163e-06
        }
      },
      "60x60": {
        "wavefront_sensor.downsample_int32_image_jit": {
          "iterations": 2.0,
          "warmup": 1.0,
          "mean_s": 8.895513019524515e-06,
          "median_s": 8.895513019524515e-06,
          "p95_s": 9.064264304470271e-06,
          "p99_s": 9.07926441868767e-06,
          "p99_hz": 110141.08124681552,
          "min_s": 8.708011591807008e-06,
          "max_s": 9.083014447242022e-06
        },
        "wavefront_sensor.rotate_image_jit": {
          "iterations": 2.0,
          "warmup": 1.0,
          "mean_s": 3.7666482967324555e-05,
          "median_s": 3.7666482967324555e-05,
          "p95_s": 3.811602800851688e-05,
          "p99_s": 3.815598756773397e-05,
          "p99_hz": 26208.20646365958,
          "min_s": 3.716698847711086e-05,
          "max_s": 3.816597745753825e-05
        },
        "wavefront_corrector.ModaltoZonalWithFlat": {
          "iterations": 2.0,
          "warmup": 1.0,
          "mean_s": 0.0006192079890752211,
          "median_s": 0.0006192079890752211,
          "p95_s": 0.0006511579835205339,
          "p99_s": 0.0006539979830267839,
          "p99_hz": 1529.0567034654691,
          "min_s": 0.0005837079952470958,
          "max_s": 0.0006547079829033464
        },
        "loop.leakyIntegratorNumba": {
          "iterations": 2.0,
          "warmup": 1.0,
          "mean_s": 0.001635833497857675,
          "median_s": 0.001635833497857675,
          "p95_s": 0.00195934614748694,
          "p99_s": 0.001988102827453986,
          "p99_hz": 502.99209185302806,
          "min_s": 0.0012763749982696027,
          "max_s": 0.0019952919974457473
        },
        "slopes.computeSlopesPYWFSOptimNumba": {
          "iterations": 2.0,
          "warmup": 1.0,
          "mean_s": 6.443749589379877e-05,
          "median_s": 6.443749589379877e-05,
          "p95_s": 6.475654517998918e-05,
          "p99_s": 6.478490511653945e-05,
          "p99_hz": 15435.694444579838,
          "min_s": 6.408299668692052e-05,
          "max_s": 6.479199510067701e-05
        },
        "slopes.computeSlopesSHWFSOptimNumba": {
          "iterations": 2.0,
          "warmup": 1.0,