{
  "platform": "macOS-26.3-arm64-arm-64bit",
  "python": "3.12.7",
  "timestamp_unix": 1772608166.4510741,
  "measure_execution_time": {
    "median": 0.0,
    "iqr": 0.0,
    "ci1": 0.0,
    "ci99": 1.1694431304931643e-06,
    "elapsed_wall_s": 8.462500409223139e-05
  },
  "latency_math": {
    "mean_latency_s": 0.0010000000000000002,
    "p99_latency_s": 0.0010000000000000009,
    "frame_shift": 0,
    "elapsed_wall_s": 3.2082985853776336e-05
  },
  "core_compute": {
    "meta": {
      "platform": "macOS-26.3-arm64-arm-64bit",
      "python": "3.12.7",
      "iterations": 2,
      "warmup": 1,
      "quick": true,
      "include_gpu": false,
      "system_sizes": [
        10,
        20,
        60
      ],
      "profile_sizes_used": [
        10,
        20,
        20
      ],
      "timestamp_unix": 1772608166.451402
    },
    "profiles": {
      "10x10": {
        "wavefront_sensor.downsample_int32_image_jit": {
          "iterations": 2.0,
          "warmup": 1.0,
          "mean_s": 1.6460107872262597e-06,
          "median_s": 1.6460107872262597e-06,
          "p95_s": 2.22741364268586e-06,
          "p99_s": 2.2790938965044913e-06,
          "p99_hz": 438770.8648308555,
          "min_s": 1.00000761449337e-06,
          "max_s": 2.2920139599591494e-06
        },
        "wavefront_sensor.rotate_image_jit": {
          "iterations": 2.0,
          "warmup": 1.0,
          "mean_s": 3.83349834010005e-06,
          "median_s": 3.83349834010005e-06,
          "p95_s": 4.65832999907434e-06,
          "p99_s": 4.731648368760944e-06,
          "p99_hz": 211342.83912603286,
          "min_s": 2.9170187190175056e-06,
          "max_s": 4.749977961182594e-06
        },
        "wavefront_corrector.ModaltoZonalWithFlat": {
          "iterations": 2.0,
          "warmup": 1.0,
          "mean_s": 4.0829909266904e-06,
          "median_s": 4.0829909266904e-06,
          "p95_s": 5.732693534810096e-06,
          "p99_s": 5.879333766642958e-06,
          "p99_hz": 170087.2989510494,
          "min_s": 2.249988028779626e-06,
          "max_s": 5.915993824601173e-06
        },
        "loop.leakyIntegratorNumba": {
          "iterations": 2.0,
          "warmup": 1.0,
          "mean_s": 0.0006338124949252233,
          "median_s": 0.0006338124949252233,
          "p95_s": 0.0011870312402606942,
          "p99_s": 0.0012362062398460693,
          "p99_hz": 808.9265106156708,
          "min_s": 1.912500010803342e-05,
          "max_s": 0.0012484999897424132
        },
        "slopes.computeSlopesPYWFSOptimNumba": {
          "iterations": 2.0,
          "warmup": 1.0,
          "mean_s": 7.083493983373046e-06,
          "median_s": 7.083493983373046e-06,
          "p95_s": 8.283651550300419e-06,
          "p99_s": 8.390332222916186e-06,
          "p99_hz": 119184.7919047519,
          "min_s": 5.749985575675964e-06,
          "max_s": 8.417002391070127e-06
        },
        "slopes.computeSlopesSHWFSOptimNumba": {
          "iterations": 2.0,
          "warmup": 1.0,
          "mean_s": 3.603985533118248e-06,
          "median_s": 3.603985533118248e-06,
          "p95_s": 4.2600790038704876e-06,
          "p99_s": 4.318398423492909e-06,
          "p99_hz": 231567.3316662515,
          "min_s": 2.874992787837982e-06,
          "max_s": 4.332978278398514e-06
        }
      },
      "20x20": {
        "wavefront_sensor.downsample_int32_image_jit": {
          "iterations": 2.0,
          "warmup": 1.0,
          "mean_s": 1.791995600797236e-06,
          "median_s": 1.791995600797236e-06,
          "p95_s": 1.9423066987656055e-06,
          "p99_s": 1.955667685251683e-06,
          "p99_hz": 511334.3169401022,
          "min_s": 1.6249832697212696e-06,
          "max_s": 1.9590079318732023e-06
        },
        "wavefront_sensor.rotate_image_jit": {
          "iterations": 2.0,
          "warmup": 1.0,
          "mean_s": 6.416492396965623e-06,
          "median_s": 6.416492396965623e-06,
          "p95_s": 6.8291439674794676e-06,
          "p99_s": 6.865824107080698e-06,
          "p99_hz": 145648.93950148005,
          "min_s": 5.95799065195024e-06,
          "max_s": 6.874994141981006e-06
        },
        "wavefront_corrector.ModaltoZonalWithFlat": {
          "iterations": 2.0,
          "warmup": 1.0,
          "mean_s": 4.7505018301308155e-06,
          "median_s": 4.7505018301308155e-06,
          "p95_s": 5.237857112661004e-06,
          "p99_s": 5.281177582219243e-06,
          "p99_hz": 189351.70886258714,
          "min_s": 4.208995960652828e-06,
          "max_s": 5.292007699608803e-06
        },
        "loop.leakyIntegratorNumba": {
          "iterations": 2.0,
          "warmup": 1.0,
          "mean_s": 7.562499376945198e-06,
          "median_s": 7.562499376945198e-06,
          "p95_s": 7.580952660646289e-06,
          "p99_s": 7.582592952530831e-06,
          "p99_hz": 131881.00775820116,
          "min_s": 7.541995728388429e-06,
          "max_s": 7.5830030255019665e-06
        },
        "slopes.computeSlopesPYWFSOptimNumba": {
          "iterations": 2.0,
          "warmup": 1.0,
          "mean_s": 8.270988473668694e-06,
          "median_s": 8.270988473668694e-06,
          "p95_s": 8.439281373284757e-06,
          "p99_s": 8.454240742139518e-06,
          "p99_hz": 118283.8329899427,
          "min_s": 8.08399636298418e-06,
          "max_s": 8.457980584353209e-06
        },
        "slopes.computeSlopesSHWFSOptimNumba": {
          "iterations": 2.0,
          "warmup": 1.0,
          "mean_s": 2.291999408043921e-06,
          "median_s": 2.291999408043921e-06,
          "p95_s": 2.3298096493817864e-06,
          "p99_s": 2.3331705597229303e-06,
          "p99_hz": 428601.3278509533,
          "min_s": 2.249988028779626e-06,
          "max_s": 2.334010787308216e-06
        }
      }
    }
  }
}
{
  "meta": {
    "platform": "Linux-6.14.0-1017-azure-x86_64-with-glibc2.39",
    "python": "3.12.12",
    "iterations": 1000,
    "warmup": 100,
    "quick": true,
    "include_gpu": true,
    "system_sizes": [
      10,
      20,
      60
    ],
    "profile_sizes_used": [
      10,
      20,
      60
    ],
    "timestamp_unix": 1772608594.397463
  },
  "profiles": {
    "10x10": {
      "wavefront_sensor.downsample_int32_image_jit": {
        "iterations": 1000.0,
        "warmup": 100.0,
        "mean_s": 1.5333919999136469e-06,
        "median_s": 1.5020000034837722e-06,
        "p95_s": 1.5720000021701708e-06,
        "p99_s": 1.7141999890668547e-06,
        "p99_hz": 583362.5051790847,
        "min_s": 1.4129999925671655e-06,
        "max_s": 1.8316999998546635e-05
      },
      "wavefront_sensor.rotate_image_jit": {
        "iterations": 1000.0,
        "warmup": 100.0,
        "mean_s": 6.16982900001517e-06,
        "median_s": 6.029000005014495e-06,
        "p95_s": 6.280449994022774e-06,
        "p99_s": 9.40499999643407e-06,
        "p99_hz": 106326.42215620974,
        "min_s": 5.7290000086140935e-06,
        "max_s": 2.352499998892199e-05
      },
      "wavefront_corrector.ModaltoZonalWithFlat": {
        "iterations": 1000.0,
        "warmup": 100.0,
        "mean_s": 2.177155999902425e-06,
        "median_s": 2.14299998901879e-06,
        "p95_s": 2.194450003401016e-06,
        "p99_s": 2.3740900044799674e-06,
        "p99_hz": 421214.02226241416,
        "min_s": 2.062999996610415e-06,
        "max_s": 1.8878000005884132e-05
      },
      "loop.leakyIntegratorNumba": {
        "iterations": 1000.0,
        "warmup": 100.0,
        "mean_s": 2.6907560001205868e-06,
        "median_s": 2.6539999993246965e-06,
        "p95_s": 2.7039999963562877e-06,
        "p99_s": 2.8150900018886206e-06,
        "p99_hz": 355228.4294033613,
        "min_s": 2.5639999989834905e-06,
        "max_s": 2.0160000005375878e-05
      },
      "slopes.computeSlopesPYWFSOptimNumba": {
        "iterations": 1000.0,
        "warmup": 100.0,
        "mean_s": 4.957335000028707e-06,
        "median_s": 4.887000002895547e-06,