{
  "meta": {
    "platform": "Linux-6.14.0-1017-azure-x86_64-with-glibc2.39",
    "python": "3.12.12",
    "iterations": 1000,
    "warmup": 100,
    "quick": true,
    "include_gpu": true,
    "system_sizes": [
      10,
      20,
      60
    ],
    "profile_sizes_used": [
      10,
      20,
      60
    ],
    "timestamp_unix": 1772608889.6398804
  },
  "profiles": {
    "10x10": {
      "wavefront_sensor.downsample_int32_image_jit": {
        "iterations": 1000.0,
        "warmup": 100.0,
        "mean_s": 1.5071900000691584e-06,
        "median_s": 1.4930000133972499e-06,
        "p95_s": 1.5530000041508174e-06,
        "p99_s": 1.5830899994284663e-06,
        "p99_hz": 631676.0262278356,
        "min_s": 1.4019999809988803e-06,
        "max_s": 1.208199998359305e-05
      },
      "wavefront_sensor.rotate_image_jit": {
        "iterations": 1000.0,
        "warmup": 100.0,
        "mean_s": 5.465645999180424e-06,
        "median_s": 5.3999999920506525e-06,
        "p95_s": 5.4700000191587606e-06,
        "p99_s": 6.161009987692978e-06,
        "p99_hz": 162311.04997355395,
        "min_s": 5.320000013853132e-06,
        "max_s": 2.0137999996450162e-05
      },
      "wavefront_corrector.ModaltoZonalWithFlat": {
        "iterations": 1000.0,
        "warmup": 100.0,
        "mean_s": 2.142346000425732e-06,
        "median_s": 2.1039999751337746e-06,
        "p95_s": 2.144000006865099e-06,
        "p99_s": 2.174100002321211e-06,
        "p99_hz": 459960.4429107837,
        "min_s": 2.043999984380207e-06,
        "max_s": 2.059799999187817e-05
      },
      "loop.leakyIntegratorNumba": {
        "iterations": 1000.0,
        "warmup": 100.0,
        "mean_s": 2.617255000274099e-06,
        "median_s": 2.574999996340921e-06,
        "p95_s": 2.6150499991217654e-06,
        "p99_s": 2.775100012684106e-06,
        "p99_hz": 360347.37322233996,
        "min_s": 2.534999993031306e-06,
        "max_s": 1.8423999989636286e-05
      },
      "slopes.computeSlopesPYWFSOptimNumba": {
        "iterations": 1000.0,
        "warmup": 100.0,
        "mean_s": 4.481216000215227e-06,
        "median_s": 4.428000011102995e-06,
        "p95_s": 4.47900001177004e-06,
        "p99_s": 4.629389988792809e-06,
        "p99_hz": 216011.18126165186,
        "min_s": 4.297999993241319e-06,
        "max_s": 1.9276000017498518e-05
      },
      "slopes.computeSlopesSHWFSOptimNumba": {
        "iterations": 1000.0,
        "warmup": 100.0,
        "mean_s": 2.489512000323657e-06,
        "median_s": 2.4349999989681237e-06,
        "p95_s": 2.4750000022777385e-06,
        "p99_s": 2.979300018637329e-06,
        "p99_hz": 335649.3114974636,
        "min_s": 2.403999985745031e-06,
        "max_s": 2.101900000184287e-05
      }
    },
    "20x20": {
      "wavefront_sensor.downsample_int32_image_jit": {
        "iterations": 1000.0,
        "warmup": 100.0,
        "mean_s": 2.7431780002018514e-06,
        "median_s": 2.714999993713718e-06,
        "p95_s": 2.865049998490576e-06,
        "p99_s": 5.042410001010464e-06,
        "p99_hz": 198317.86780519772,
        "min_s": 2.4139999936778622e-06,
        "max_s": 1.9165999987080795e-05
      },
      "wavefront_sensor.rotate_image_jit": {
        "iterations": 1000.0,
        "warmup": 100.0,
        "mean_s": 1.3337599999914574e-05,
        "median_s": 1.3195000008181523e-05,
        "p95_s": 1.332499999762149e-05,
        "p99_s": 2.1239710005716005e-05,
        "p99_hz": 47081.62209987242,
        "min_s": 1.3094999985696631e-05,
        "max_s": 2.6129000019636806e-05
      },
      "wavefront_corrector.ModaltoZonalWithFlat": {
        "iterations": 1000.0,
        "warmup": 100.0,
        "mean_s": 1.4465083999823491e-05,
        "median_s": 1.3976000005300193e-05,
        "p95_s": 1.617050000817244e-05,
        "p99_s": 2.608802999077397e-05,
        "p99_hz": 38331.75599513072,
        "min_s": 1.2812999983680129e-05,
        "max_s": 4.386199998407392e-05
      },
      "loop.leakyIntegratorNumba": {
        "iterations": 1000.0,
        "warmup": 100.0,
        "mean_s": 2.519840600004386e-05,
        "median_s": 2.467600000954917e-05,
        "p95_s": 2.7433050006209212e-05,
        "p99_s": 3.596740000233467e-05,
        "p99_hz": 27802.954896241852,
        "min_s": 2.4275000015450132e-05,
        "max_s": 4.16379999990113e-05
      },
      "slopes.computeSlopesPYWFSOptimNumba": {
        "iterations": 1000.0,
        "warmup": 100.0,
        "mean_s": 1.1433668999899283e-05,
        "median_s": 1.1311999998042666e-05,
        "p95_s": 1.1401999984173017e-05,
        "p99_s": 1.9115110014524816e-05,
        "p99_hz": 52314.634822406966,
        "min_s": 1.126099999737562e-05,
        "max_s": 2.434600000356113e-05
      },
      "slopes.computeSlopesSHWFSOptimNumba": {
        "iterations": 1000.0,
        "warmup": 100.0,
        "mean_s": 5.428318000411991e-06,
        "median_s": 5.279999982121808e-06,
        "p95_s": 5.369999996673869e-06,
        "p99_s": 1.0379510002564984e-05,
        "p99_hz": 96343.66167120414,
        "min_s": 5.22000001978995e-06,
        "max_s": 1.6331000011859942e-05
      }
    },
    "60x60": {
      "wavefront_sensor.downsample_int32_image_jit": {
        "iterations": 1000.0,
        "warmup": 100.0,
        "mean_s": 1.5475023999698577e-05,
        "median_s": 1.616099999068865e-05,
        "p95_s": 1.6270000003260066e-05,
        "p99_s": 2.3305810006206682e-05,
        "p99_hz": 42907.75560830905,
        "min_s": 1.2852999986989744e-05,
        "max_s": 3.1409000001758614e-05
      },
      "wavefront_sensor.rotate_image_jit": {
        "iterations": 1000.0,
        "warmup": 100.0,
        "mean_s": 9.42822740003919e-05,
        "median_s": 9.316400002035152e-05,
        "p95_s": 0.00010190000000420696,
        "p99_s": 0.00010429970002803657,
        "p99_hz": 9587.75528339192,
        "min_s": 9.294299999851319e-05,
        "max_s": 0.00014756500002022221
      },
      "wavefront_corrector.ModaltoZonalWithFlat": {
        "iterations": 1000.0,
        "warmup": 100.0,
        "mean_s": 0.0010941015829998265,
        "median_s": 0.0010814030000005914,
        "p95_s": 0.0011769525000005388,
        "p99_s": 0.0012364227100260905,
        "p99_hz": 808.7848855339275,
        "min_s": 0.001046917999985908,
        "max_s": 0.0013230819999989762
      },
      "loop.leakyIntegratorNumba": {
        "iterations": 1000.0,
        "warmup": 100.0,
        "mean_s": 0.0028473957259994905,
        "median_s": 0.0028109650000089914,
        "p95_s": 0.003092110849996743,
        "p99_s": 0.003330504590002761,
        "p99_hz": 300.25480313154924,
        "min_s": 0.002693320000020094,
        "max_s": 0.003417799999994031
      },
      "slopes.computeSlopesPYWFSOptimNumba": {
        "iterations": 1000.0,
        "warmup": 100.0,
        "mean_s": 8.796448399985479e-05,
        "median_s": 8.67220000202451e-05,
        "p95_s": 9.639045000966463e-05,
        "p99_s": 9.942648999157201e-05,
        "p99_hz": 10057.681811806553,
        "min_s": 8.656200000700665e-05,
        "max_s": 0.00014518100002192114
      },
      "slopes.computeSlopesSHWFSOptimNumba": {
        "iterations": 1000.0,
        "warmup": 100.0,
        "mean_s": 3.607967799982248e-05,
        "median_s": 3.5556000000269705e-05,
        "p95_s": 3.8002000006542855e-05,
        "p99_s": 4.676760001473213e-05,
        "p99_hz": 21382.32450852712,
        "min_s": 3.540599999496408e-05,
        "max_s": 6.559299998798451e-05
      }
    }
  },
  "gpu_kernels": {
    "status": {
      "available": false,
      "reason": "PyTorch not available"
    }
  }
}