{
  "platform": "Linux-6.17.0-14-generic-x86_64-with-glibc2.39",
  "python": "3.12.0",
  "timestamp_unix": 1772929101.017424,
  "measure_execution_time": {
    "median": 0.0,
    "iqr": 0.0,
    "ci1": 0.0,
    "ci99": 2.3961067199706923e-07,
    "elapsed_wall_s": 9.860005229711533e-05
  },
  "latency_math": {
    "mean_latency_s": 0.0010000000000000009,
    "p99_latency_s": 0.0010000000000000009,
    "frame_shift": 0,
    "elapsed_wall_s": 3.5220058634877205e-05
  },
  "core_compute": {
    "meta": {
      "system_info": {
        "platform": "Linux-6.17.0-14-generic-x86_64-with-glibc2.39",
        "python": "3.12.0",
        "cpu_model": "AMD Ryzen 9 9950X3D 16-Core Processor",
        "cpu_count": 32,
        "gpu": {
          "available": true,
          "torch_version": "2.10.0+cu128",
          "cuda_runtime": "12.8",
          "device_name": "NVIDIA GeForce RTX 5090",
          "driver_version": "580.126.09",
          "memory_total": "32607 MiB"
        }
      },
      "iterations": 500,
      "warmup": 50,
      "quick": true,
      "include_gpu": true,
      "system_sizes": [
        10,
        20,
        60
      ],
      "profile_sizes_used": [
        10,
        20,
        60
      ],
      "timestamp_unix": 1772929101.210154
    },
    "profiles": {
      "10x10": {
        "wavefront_sensor.downsample_int32_image_jit": {
          "iterations": 500.0,
          "warmup": 50.0,
          "mean_s": 5.9828395023942e-07,
          "median_s": 6.00004568696022e-07,
          "p95_s": 6.100162863731384e-07,
          "p99_s": 6.300397217273712e-07,
          "p99_hz": 1587201.5136733185,
          "min_s": 5.799811333417892e-07,
          "max_s": 8.00006091594696e-07
        },
        "wavefront_sensor.rotate_image_jit": {
          "iterations": 500.0,
          "warmup": 50.0,
          "mean_s": 1.5432643704116345e-06,
          "median_s": 1.5401747077703476e-06,
          "p95_s": 1.5615718439221377e-06,
          "p99_s": 1.5901005826890467e-06,
          "p99_hz": 628891.0342444392,
          "min_s": 1.500127837061882e-06,
          "max_s": 1.9099097698926926e-06
        },
        "wavefront_corrector.ModaltoZonalWithFlat": {
          "iterations": 500.0,
          "warmup": 50.0,
          "mean_s": 8.932789787650108e-07,
          "median_s": 8.898787200450897e-07,
          "p95_s": 9.299255907535553e-07,
          "p99_s": 9.402702562510966e-07,
          "p99_hz": 1063524.0170066091,
          "min_s": 8.698552846908569e-07,
          "max_s": 1.149950549006462e-06
        },
        "loop.leakyIntegratorNumba": {
          "iterations": 500.0,
          "warmup": 50.0,
          "mean_s": 1.2590689584612846e-06,
          "median_s": 1.2498348951339722e-06,
          "p95_s": 1.2801028788089752e-06,
          "p99_s": 1.310436055064201e-06,
          "p99_hz": 763104.76664274,
          "min_s": 1.2200325727462769e-06,
          "max_s": 4.959991201758385e-06
        },
        "slopes.computeSlopesPYWFSOptimNumba": {
          "iterations": 500.0,
          "warmup": 50.0,
          "mean_s": 1.7171157523989678e-06,
          "median_s": 1.700129359960556e-06,
          "p95_s": 1.8100254237651825e-06,
          "p99_s": 1.8300488591194153e-06,
          "p99_hz": 546433.4982188295,
          "min_s": 1.6798730939626694e-06,
          "max_s": 2.169981598854065e-06
        },
        "slopes.computeSlopesSHWFSOptimNumba": {
          "iterations": 500.0,
          "warmup": 50.0,
          "mean_s": 1.2084878981113434e-06,
          "median_s": 1.019798219203949e-06,
          "p95_s": 1.5799887478351593e-06,
          "p99_s": 1.600012183189392e-06,
          "p99_hz": 624995.2409778812,
          "min_s": 9.899958968162537e-07,
          "max_s": 5.539972335100174e-06
        }
      },
      "20x20": {
        "wavefront_sensor.downsample_int32_image_jit": {
          "iterations": 500.0,
          "warmup": 50.0,
          "mean_s": 1.1433488689363002e-06,
          "median_s": 1.1301599442958832e-06,
          "p95_s": 1.149950549006462e-06,
          "p99_s": 1.1603953316807746e-06,
          "p99_hz": 861775.2697708203,
          "min_s": 1.1099036782979965e-06,
          "max_s": 5.850102752447128e-06
        },
        "wavefront_sensor.rotate_image_jit": {
          "iterations": 500.0,
          "warmup": 50.0,
          "mean_s": 3.4166336990892887e-06,
          "median_s": 3.4100376069545746e-06,
          "p95_s": 3.4300610423088074e-06,
          "p99_s": 3.4501519985496996e-06,
          "p99_hz": 289842.30272183905,
          "min_s": 3.369990736246109e-06,
          "max_s": 6.0498714447021484e-06
        },
        "wavefront_corrector.ModaltoZonalWithFlat": {
          "iterations": 500.0,
          "warmup": 50.0,
          "mean_s": 5.165304988622665e-06,
          "median_s": 5.159992724657059e-06,
          "p95_s": 5.300645716488361e-06,
          "p99_s": 5.3500826470553876e-06,
          "p99_hz": 186913.0004095145,
          "min_s": 4.899920895695686e-06,
          "max_s": 6.6999346017837524e-06
        },
        "loop.leakyIntegratorNumba": {
          "iterations": 500.0,
          "warmup": 50.0,
          "mean_s": 1.097275549545884e-05,
          "median_s": 1.0960036888718605e-05,
          "p95_s": 1.1290959082543849e-05,
          "p99_s": 1.21323112398386e-05,
          "p99_hz": 82424.52573391971,
          "min_s": 1.0409858077764511e-05,
          "max_s": 1.4099990949034691e-05
        },
        "slopes.computeSlopesPYWFSOptimNumba": {
          "iterations": 500.0,
          "warmup": 50.0,
          "mean_s": 4.04793955385685e-06,
          "median_s": 3.990018740296364e-06,
          "p95_s": 4.439859185367823e-06,
          "p99_s": 4.490138962864876e-06,
          "p99_hz": 222710.2564687581,
          "min_s": 3.949971869587898e-06,
          "max_s": 5.739973857998848e-06
        },
        "slopes.computeSlopesSHWFSOptimNumba": {
          "iterations": 500.0,
          "warmup": 50.0,
          "mean_s": 2.2200704552233217e-06,
          "median_s": 2.1900050342082977e-06,
          "p95_s": 2.2901222109794617e-06,
          "p99_s": 2.3099128156900406e-06,
          "p99_hz": 432916.7720995867,
          "min_s": 2.1599698811769485e-06,
          "max_s": 5.3299590945243835e-06
        }
      },
      "60x60": {
        "wavefront_sensor.downsample_int32_image_jit": {
          "iterations": 500.0,
          "warmup": 50.0,
          "mean_s": 5.931668914854527e-06,
          "median_s": 5.919951945543289e-06,
          "p95_s": 5.939975380897522e-06,
          "p99_s": 6.260415539145469e-06,
          "p99_hz": 159733.80580684225,
          "min_s": 5.88991679251194e-06,
          "max_s": 8.709961548447609e-06
        },
        "wavefront_sensor.rotate_image_jit": {
          "iterations": 500.0,
          "warmup": 50.0,
          "mean_s": 2.3626512382179498e-05,
          "median_s": 2.3570144549012184e-05,
          "p95_s": 2.3700564634054898e-05,
          "p99_s": 2.575103659182787e-05,
          "p99_hz": 38833.38817969571,
          "min_s": 2.3450003936886787e-05,
          "max_s": 2.6399968191981316e-05
        },
        "wavefront_corrector.ModaltoZonalWithFlat": {
          "iterations": 500.0,
          "warmup": 50.0,
          "mean_s": 0.0006981813008897006,
          "median_s": 0.0006981686456128955,
          "p95_s": 0.0007136866915971041,
          "p99_s": 0.0007292226213030517,
          "p99_hz": 1371.3233391102085,
          "min_s": 0.0006706728599965572,
          "max_s": 0.0007683839648962021
        },
        "loop.leakyIntegratorNumba": {
          "iterations": 500.0,
          "warmup": 50.0,
          "mean_s": 0.0017534981463104486,
          "median_s": 0.0017543439753353596,
          "p95_s": 0.0017822255846112966,
          "p99_s": 0.0018418919970281424,
          "p99_hz": 542.9199983568423,
          "min_s": 0.0017002380918711424,
          "max_s": 0.0018887701444327831
        },